club_name,club_link,season
Arsenal,https://fbref.com/en/squads/18bb7c10/2010-2011/Arsenal-Stats,2010-2011
Aston Villa,https://fbref.com/en/squads/8602292d/2010-2011/Aston-Villa-Stats,2010-2011
Birmingham City,https://fbref.com/en/squads/ec79b7c2/2010-2011/Birmingham-City-Stats,2010-2011
Blackburn,https://fbref.com/en/squads/e090f40b/2010-2011/Blackburn-Rovers-Stats,2010-2011
Blackpool,https://fbref.com/en/squads/7cbf5cb4/2010-2011/Blackpool-Stats,2010-2011
Bolton,https://fbref.com/en/squads/445d3104/2010-2011/Bolton-Wanderers-Stats,2010-2011
Chelsea,https://fbref.com/en/squads/cff3d9bb/2010-2011/Chelsea-Stats,2010-2011
Everton,https://fbref.com/en/squads/d3fd31cc/2010-2011/Everton-Stats,2010-2011
Fulham,https://fbref.com/en/squads/fd962109/2010-2011/Fulham-Stats,2010-2011
Liverpool,https://fbref.com/en/squads/822bd0ba/2010-2011/Liverpool-Stats,2010-2011
Manchester City,https://fbref.com/en/squads/b8fd03ef/2010-2011/Manchester-City-Stats,2010-2011
Manchester Utd,https://fbref.com/en/squads/19538871/2010-2011/Manchester-United-Stats,2010-2011
Newcastle Utd,https://fbref.com/en/squads/b2b47a98/2010-2011/Newcastle-United-Stats,2010-2011
Stoke City,https://fbref.com/en/squads/17892952/2010-2011/Stoke-City-Stats,2010-2011
Sunderland,https://fbref.com/en/squads/8ef52968/2010-2011/Sunderland-Stats,2010-2011
Tottenham,https://fbref.com/en/squads/361ca564/2010-2011/Tottenham-Hotspur-Stats,2010-2011
West Brom,https://fbref.com/en/squads/60c6b05f/2010-2011/West-Bromwich-Albion-Stats,2010-2011
West Ham,https://fbref.com/en/squads/7c21e445/2010-2011/West-Ham-United-Stats,2010-2011
Wigan Athletic,https://fbref.com/en/squads/e59ddc76/2010-2011/Wigan-Athletic-Stats,2010-2011
Wolves,https://fbref.com/en/squads/8cec06e1/2010-2011/Wolverhampton-Wanderers-Stats,2010-2011
Arsenal,https://fbref.com/en/squads/18bb7c10/2011-2012/Arsenal-Stats,2011-2012
Aston Villa,https://fbref.com/en/squads/8602292d/2011-2012/Aston-Villa-Stats,2011-2012
Blackburn,https://fbref.com/en/squads/e090f40b/2011-2012/Blackburn-Rovers-Stats,2011-2012
Bolton,https://fbref.com/en/squads/445d3104/2011-2012/Bolton-Wanderers-Stats,2011-2012
Chelsea,https://fbref.com/en/squads/cff3d9bb/2011-2012/Chelsea-Stats,2011-2012
Everton,https://fbref.com/en/squads/d3fd31cc/2011-2012/Everton-Stats,2011-2012
Fulham,https://fbref.com/en/squads/fd962109/2011-2012/Fulham-Stats,2011-2012
Liverpool,https://fbref.com/en/squads/822bd0ba/2011-2012/Liverpool-Stats,2011-2012
Manchester City,https://fbref.com/en/squads/b8fd03ef/2011-2012/Manchester-City-Stats,2011-2012
Manchester Utd,https://fbref.com/en/squads/19538871/2011-2012/Manchester-United-Stats,2011-2012
Newcastle Utd,https://fbref.com/en/squads/b2b47a98/2011-2012/Newcastle-United-Stats,2011-2012
Norwich City,https://fbref.com/en/squads/1c781004/2011-2012/Norwich-City-Stats,2011-2012
QPR,https://fbref.com/en/squads/a757999c/2011-2012/Queens-Park-Rangers-Stats,2011-2012
Stoke City,https://fbref.com/en/squads/17892952/2011-2012/Stoke-City-Stats,2011-2012
Sunderland,https://fbref.com/en/squads/8ef52968/2011-2012/Sunderland-Stats,2011-2012
Swansea City,https://fbref.com/en/squads/fb10988f/2011-2012/Swansea-City-Stats,2011-2012
Tottenham,https://fbref.com/en/squads/361ca564/2011-2012/Tottenham-Hotspur-Stats,2011-2012
West Brom,https://fbref.com/en/squads/60c6b05f/2011-2012/West-Bromwich-Albion-Stats,2011-2012
Wigan Athletic,https://fbref.com/en/squads/e59ddc76/2011-2012/Wigan-Athletic-Stats,2011-2012
Wolves,https://fbref.com/en/squads/8cec06e1/2011-2012/Wolverhampton-Wanderers-Stats,2011-2012
Arsenal,https://fbref.com/en/squads/18bb7c10/2012-2013/Arsenal-Stats,2012-2013
Aston Villa,https://fbref.com/en/squads/8602292d/2012-2013/Aston-Villa-Stats,2012-2013
Chelsea,https://fbref.com/en/squads/cff3d9bb/2012-2013/Chelsea-Stats,2012-2013
Everton,https://fbref.com/en/squads/d3fd31cc/2012-2013/Everton-Stats,2012-2013
Fulham,https://fbref.com/en/squads/fd962109/2012-2013/Fulham-Stats,2012-2013
Liverpool,https://fbref.com/en/squads/822bd0ba/2012-2013/Liverpool-Stats,2012-2013
Manchester City,https://fbref.com/en/squads/b8fd03ef/2012-2013/Manchester-City-Stats,2012-2013
Manchester Utd,https://fbref.com/en/squads/19538871/2012-2013/Manchester-United-Stats,2012-2013
Newcastle Utd,https://fbref.com/en/squads/b2b47a98/2012-2013/Newcastle-United-Stats,2012-2013
Norwich City,https://fbref.com/en/squads/1c781004/2012-2013/Norwich-City-Stats,2012-2013
QPR,https://fbref.com/en/squads/a757999c/2012-2013/Queens-Park-Rangers-Stats,2012-2013
Reading,https://fbref.com/en/squads/b0ac61ff/2012-2013/Reading-Stats,2012-2013
Southampton,https://fbref.com/en/squads/33c895d4/2012-2013/Southampton-Stats,2012-2013
Stoke City,https://fbref.com/en/squads/17892952/2012-2013/Stoke-City-Stats,2012-2013
Sunderland,https://fbref.com/en/squads/8ef52968/2012-2013/Sunderland-Stats,2012-2013
Swansea City,https://fbref.com/en/squads/fb10988f/2012-2013/Swansea-City-Stats,2012-2013
Tottenham,https://fbref.com/en/squads/361ca564/2012-2013/Tottenham-Hotspur-Stats,2012-2013
West Brom,https://fbref.com/en/squads/60c6b05f/2012-2013/West-Bromwich-Albion-Stats,2012-2013
West Ham,https://fbref.com/en/squads/7c21e445/2012-2013/West-Ham-United-Stats,2012-2013
Wigan Athletic,https://fbref.com/en/squads/e59ddc76/2012-2013/Wigan-Athletic-Stats,2012-2013
Arsenal,https://fbref.com/en/squads/18bb7c10/2013-2014/Arsenal-Stats,2013-2014
Aston Villa,https://fbref.com/en/squads/8602292d/2013-2014/Aston-Villa-Stats,2013-2014
Cardiff City,https://fbref.com/en/squads/75fae011/2013-2014/Cardiff-City-Stats,2013-2014
Chelsea,https://fbref.com/en/squads/cff3d9bb/2013-2014/Chelsea-Stats,2013-2014
Crystal Palace,https://fbref.com/en/squads/47c64c55/2013-2014/Crystal-Palace-Stats,2013-2014
Everton,https://fbref.com/en/squads/d3fd31cc/2013-2014/Everton-Stats,2013-2014
Fulham,https://fbref.com/en/squads/fd962109/2013-2014/Fulham-Stats,2013-2014
Hull City,https://fbref.com/en/squads/bd8769d1/2013-2014/Hull-City-Stats,2013-2014
Liverpool,https://fbref.com/en/squads/822bd0ba/2013-2014/Liverpool-Stats,2013-2014
Manchester City,https://fbref.com/en/squads/b8fd03ef/2013-2014/Manchester-City-Stats,2013-2014
Manchester Utd,https://fbref.com/en/squads/19538871/2013-2014/Manchester-United-Stats,2013-2014
Newcastle Utd,https://fbref.com/en/squads/b2b47a98/2013-2014/Newcastle-United-Stats,2013-2014
Norwich City,https://fbref.com/en/squads/1c781004/2013-2014/Norwich-City-Stats,2013-2014
Southampton,https://fbref.com/en/squads/33c895d4/2013-2014/Southampton-Stats,2013-2014
Stoke City,https://fbref.com/en/squads/17892952/2013-2014/Stoke-City-Stats,2013-2014
Sunderland,https://fbref.com/en/squads/8ef52968/2013-2014/Sunderland-Stats,2013-2014
Swansea City,https://fbref.com/en/squads/fb10988f/2013-2014/Swansea-City-Stats,2013-2014
Tottenham,https://fbref.com/en/squads/361ca564/2013-2014/Tottenham-Hotspur-Stats,2013-2014
West Brom,https://fbref.com/en/squads/60c6b05f/2013-2014/West-Bromwich-Albion-Stats,2013-2014
West Ham,https://fbref.com/en/squads/7c21e445/2013-2014/West-Ham-United-Stats,2013-2014
Arsenal,https://fbref.com/en/squads/18bb7c10/2014-2015/Arsenal-Stats,2014-2015
Aston Villa,https://fbref.com/en/squads/8602292d/2014-2015/Aston-Villa-Stats,2014-2015
Burnley,https://fbref.com/en/squads/943e8050/2014-2015/Burnley-Stats,2014-2015
Chelsea,https://fbref.com/en/squads/cff3d9bb/2014-2015/Chelsea-Stats,2014-2015
Crystal Palace,https://fbref.com/en/squads/47c64c55/2014-2015/Crystal-Palace-Stats,2014-2015
Everton,https://fbref.com/en/squads/d3fd31cc/2014-2015/Everton-Stats,2014-2015
Hull City,https://fbref.com/en/squads/bd8769d1/2014-2015/Hull-City-Stats,2014-2015
Leicester City,https://fbref.com/en/squads/a2d435b3/2014-2015/Leicester-City-Stats,2014-2015
Liverpool,https://fbref.com/en/squads/822bd0ba/2014-2015/Liverpool-Stats,2014-2015
Manchester City,https://fbref.com/en/squads/b8fd03ef/2014-2015/Manchester-City-Stats,2014-2015
Manchester Utd,https://fbref.com/en/squads/19538871/2014-2015/Manchester-United-Stats,2014-2015
Newcastle Utd,https://fbref.com/en/squads/b2b47a98/2014-2015/Newcastle-United-Stats,2014-2015
QPR,https://fbref.com/en/squads/a757999c/2014-2015/Queens-Park-Rangers-Stats,2014-2015
Southampton,https://fbref.com/en/squads/33c895d4/2014-2015/Southampton-Stats,2014-2015
Stoke City,https://fbref.com/en/squads/17892952/2014-2015/Stoke-City-Stats,2014-2015
Sunderland,https://fbref.com/en/squads/8ef52968/2014-2015/Sunderland-Stats,2014-2015
Swansea City,https://fbref.com/en/squads/fb10988f/2014-2015/Swansea-City-Stats,2014-2015
Tottenham,https://fbref.com/en/squads/361ca564/2014-2015/Tottenham-Hotspur-Stats,2014-2015
West Brom,https://fbref.com/en/squads/60c6b05f/2014-2015/West-Bromwich-Albion-Stats,2014-2015
West Ham,https://fbref.com/en/squads/7c21e445/2014-2015/West-Ham-United-Stats,2014-2015
Arsenal,https://fbref.com/en/squads/18bb7c10/2015-2016/Arsenal-Stats,2015-2016
Aston Villa,https://fbref.com/en/squads/8602292d/2015-2016/Aston-Villa-Stats,2015-2016
Bournemouth,https://fbref.com/en/squads/4ba7cbea/2015-2016/Bournemouth-Stats,2015-2016
Chelsea,https://fbref.com/en/squads/cff3d9bb/2015-2016/Chelsea-Stats,2015-2016
Crystal Palace,https://fbref.com/en/squads/47c64c55/2015-2016/Crystal-Palace-Stats,2015-2016
Everton,https://fbref.com/en/squads/d3fd31cc/2015-2016/Everton-Stats,2015-2016
Leicester City,https://fbref.com/en/squads/a2d435b3/2015-2016/Leicester-City-Stats,2015-2016
Liverpool,https://fbref.com/en/squads/822bd0ba/2015-2016/Liverpool-Stats,2015-2016
Manchester City,https://fbref.com/en/squads/b8fd03ef/2015-2016/Manchester-City-Stats,2015-2016
Manchester Utd,https://fbref.com/en/squads/19538871/2015-2016/Manchester-United-Stats,2015-2016
Newcastle Utd,https://fbref.com/en/squads/b2b47a98/2015-2016/Newcastle-United-Stats,2015-2016
Norwich City,https://fbref.com/en/squads/1c781004/2015-2016/Norwich-City-Stats,2015-2016
Southampton,https://fbref.com/en/squads/33c895d4/2015-2016/Southampton-Stats,2015-2016
Stoke City,https://fbref.com/en/squads/17892952/2015-2016/Stoke-City-Stats,2015-2016
Sunderland,https://fbref.com/en/squads/8ef52968/2015-2016/Sunderland-Stats,2015-2016
Swansea City,https://fbref.com/en/squads/fb10988f/2015-2016/Swansea-City-Stats,2015-2016
Tottenham,https://fbref.com/en/squads/361ca564/2015-2016/Tottenham-Hotspur-Stats,2015-2016
Watford,https://fbref.com/en/squads/2abfe087/2015-2016/Watford-Stats,2015-2016
West Brom,https://fbref.com/en/squads/60c6b05f/2015-2016/West-Bromwich-Albion-Stats,2015-2016
West Ham,https://fbref.com/en/squads/7c21e445/2015-2016/West-Ham-United-Stats,2015-2016
Arsenal,https://fbref.com/en/squads/18bb7c10/2016-2017/Arsenal-Stats,2016-2017
Bournemouth,https://fbref.com/en/squads/4ba7cbea/2016-2017/Bournemouth-Stats,2016-2017
Burnley,https://fbref.com/en/squads/943e8050/2016-2017/Burnley-Stats,2016-2017
Chelsea,https://fbref.com/en/squads/cff3d9bb/2016-2017/Chelsea-Stats,2016-2017
Crystal Palace,https://fbref.com/en/squads/47c64c55/2016-2017/Crystal-Palace-Stats,2016-2017
Everton,https://fbref.com/en/squads/d3fd31cc/2016-2017/Everton-Stats,2016-2017
Hull City,https://fbref.com/en/squads/bd8769d1/2016-2017/Hull-City-Stats,2016-2017
Leicester City,https://fbref.com/en/squads/a2d435b3/2016-2017/Leicester-City-Stats,2016-2017
Liverpool,https://fbref.com/en/squads/822bd0ba/2016-2017/Liverpool-Stats,2016-2017
Manchester City,https://fbref.com/en/squads/b8fd03ef/2016-2017/Manchester-City-Stats,2016-2017
Manchester Utd,https://fbref.com/en/squads/19538871/2016-2017/Manchester-United-Stats,2016-2017
Middlesbrough,https://fbref.com/en/squads/7f59c601/2016-2017/Middlesbrough-Stats,2016-2017
Southampton,https://fbref.com/en/squads/33c895d4/2016-2017/Southampton-Stats,2016-2017
Stoke City,https://fbref.com/en/squads/17892952/2016-2017/Stoke-City-Stats,2016-2017
Sunderland,https://fbref.com/en/squads/8ef52968/2016-2017/Sunderland-Stats,2016-2017
Swansea City,https://fbref.com/en/squads/fb10988f/2016-2017/Swansea-City-Stats,2016-2017
Tottenham,https://fbref.com/en/squads/361ca564/2016-2017/Tottenham-Hotspur-Stats,2016-2017
Watford,https://fbref.com/en/squads/2abfe087/2016-2017/Watford-Stats,2016-2017
West Brom,https://fbref.com/en/squads/60c6b05f/2016-2017/West-Bromwich-Albion-Stats,2016-2017
West Ham,https://fbref.com/en/squads/7c21e445/2016-2017/West-Ham-United-Stats,2016-2017
Arsenal,https://fbref.com/en/squads/18bb7c10/2017-2018/Arsenal-Stats,2017-2018
Bournemouth,https://fbref.com/en/squads/4ba7cbea/2017-2018/Bournemouth-Stats,2017-2018
Brighton,https://fbref.com/en/squads/d07537b9/2017-2018/Brighton-and-Hove-Albion-Stats,2017-2018
Burnley,https://fbref.com/en/squads/943e8050/2017-2018/Burnley-Stats,2017-2018
Chelsea,https://fbref.com/en/squads/cff3d9bb/2017-2018/Chelsea-Stats,2017-2018
Crystal Palace,https://fbref.com/en/squads/47c64c55/2017-2018/Crystal-Palace-Stats,2017-2018
Everton,https://fbref.com/en/squads/d3fd31cc/2017-2018/Everton-Stats,2017-2018
Huddersfield,https://fbref.com/en/squads/f5922ca5/2017-2018/Huddersfield-Town-Stats,2017-2018
Leicester City,https://fbref.com/en/squads/a2d435b3/2017-2018/Leicester-City-Stats,2017-2018
Liverpool,https://fbref.com/en/squads/822bd0ba/2017-2018/Liverpool-Stats,2017-2018
Manchester City,https://fbref.com/en/squads/b8fd03ef/2017-2018/Manchester-City-Stats,2017-2018
Manchester Utd,https://fbref.com/en/squads/19538871/2017-2018/Manchester-United-Stats,2017-2018
Newcastle Utd,https://fbref.com/en/squads/b2b47a98/2017-2018/Newcastle-United-Stats,2017-2018
Southampton,https://fbref.com/en/squads/33c895d4/2017-2018/Southampton-Stats,2017-2018
Stoke City,https://fbref.com/en/squads/17892952/2017-2018/Stoke-City-Stats,2017-2018
Swansea City,https://fbref.com/en/squads/fb10988f/2017-2018/Swansea-City-Stats,2017-2018
Tottenham,https://fbref.com/en/squads/361ca564/2017-2018/Tottenham-Hotspur-Stats,2017-2018
Watford,https://fbref.com/en/squads/2abfe087/2017-2018/Watford-Stats,2017-2018
West Brom,https://fbref.com/en/squads/60c6b05f/2017-2018/West-Bromwich-Albion-Stats,2017-2018
West Ham,https://fbref.com/en/squads/7c21e445/2017-2018/West-Ham-United-Stats,2017-2018
Arsenal,https://fbref.com/en/squads/18bb7c10/2018-2019/Arsenal-Stats,2018-2019
Bournemouth,https://fbref.com/en/squads/4ba7cbea/2018-2019/Bournemouth-Stats,2018-2019
Brighton,https://fbref.com/en/squads/d07537b9/2018-2019/Brighton-and-Hove-Albion-Stats,2018-2019
Burnley,https://fbref.com/en/squads/943e8050/2018-2019/Burnley-Stats,2018-2019
Cardiff City,https://fbref.com/en/squads/75fae011/2018-2019/Cardiff-City-Stats,2018-2019
Chelsea,https://fbref.com/en/squads/cff3d9bb/2018-2019/Chelsea-Stats,2018-2019
Crystal Palace,https://fbref.com/en/squads/47c64c55/2018-2019/Crystal-Palace-Stats,2018-2019
Everton,https://fbref.com/en/squads/d3fd31cc/2018-2019/Everton-Stats,2018-2019
Fulham,https://fbref.com/en/squads/fd962109/2018-2019/Fulham-Stats,2018-2019
Huddersfield,https://fbref.com/en/squads/f5922ca5/2018-2019/Huddersfield-Town-Stats,2018-2019
Leicester City,https://fbref.com/en/squads/a2d435b3/2018-2019/Leicester-City-Stats,2018-2019
Liverpool,https://fbref.com/en/squads/822bd0ba/2018-2019/Liverpool-Stats,2018-2019
Manchester City,https://fbref.com/en/squads/b8fd03ef/2018-2019/Manchester-City-Stats,2018-2019
Manchester Utd,https://fbref.com/en/squads/19538871/2018-2019/Manchester-United-Stats,2018-2019
Newcastle Utd,https://fbref.com/en/squads/b2b47a98/2018-2019/Newcastle-United-Stats,2018-2019
Southampton,https://fbref.com/en/squads/33c895d4/2018-2019/Southampton-Stats,2018-2019
Tottenham,https://fbref.com/en/squads/361ca564/2018-2019/Tottenham-Hotspur-Stats,2018-2019
Watford,https://fbref.com/en/squads/2abfe087/2018-2019/Watford-Stats,2018-2019
West Ham,https://fbref.com/en/squads/7c21e445/2018-2019/West-Ham-United-Stats,2018-2019
Wolves,https://fbref.com/en/squads/8cec06e1/2018-2019/Wolverhampton-Wanderers-Stats,2018-2019
Arsenal,https://fbref.com/en/squads/18bb7c10/2019-2020/Arsenal-Stats,2019-2020
Aston Villa,https://fbref.com/en/squads/8602292d/2019-2020/Aston-Villa-Stats,2019-2020
Bournemouth,https://fbref.com/en/squads/4ba7cbea/2019-2020/Bournemouth-Stats,2019-2020
Brighton,https://fbref.com/en/squads/d07537b9/2019-2020/Brighton-and-Hove-Albion-Stats,2019-2020
Burnley,https://fbref.com/en/squads/943e8050/2019-2020/Burnley-Stats,2019-2020
Chelsea,https://fbref.com/en/squads/cff3d9bb/2019-2020/Chelsea-Stats,2019-2020
Crystal Palace,https://fbref.com/en/squads/47c64c55/2019-2020/Crystal-Palace-Stats,2019-2020
Everton,https://fbref.com/en/squads/d3fd31cc/2019-2020/Everton-Stats,2019-2020
Leicester City,https://fbref.com/en/squads/a2d435b3/2019-2020/Leicester-City-Stats,2019-2020
Liverpool,https://fbref.com/en/squads/822bd0ba/2019-2020/Liverpool-Stats,2019-2020
Manchester City,https://fbref.com/en/squads/b8fd03ef/2019-2020/Manchester-City-Stats,2019-2020
Manchester Utd,https://fbref.com/en/squads/19538871/2019-2020/Manchester-United-Stats,2019-2020
Newcastle Utd,https://fbref.com/en/squads/b2b47a98/2019-2020/Newcastle-United-Stats,2019-2020
Norwich City,https://fbref.com/en/squads/1c781004/2019-2020/Norwich-City-Stats,2019-2020
Sheffield Utd,https://fbref.com/en/squads/1df6b87e/2019-2020/Sheffield-United-Stats,2019-2020
Southampton,https://fbref.com/en/squads/33c895d4/2019-2020/Southampton-Stats,2019-2020
Tottenham,https://fbref.com/en/squads/361ca564/2019-2020/Tottenham-Hotspur-Stats,2019-2020
Watford,https://fbref.com/en/squads/2abfe087/2019-2020/Watford-Stats,2019-2020
West Ham,https://fbref.com/en/squads/7c21e445/2019-2020/West-Ham-United-Stats,2019-2020
Wolves,https://fbref.com/en/squads/8cec06e1/2019-2020/Wolverhampton-Wanderers-Stats,2019-2020
Arsenal,https://fbref.com/en/squads/18bb7c10/2020-2021/Arsenal-Stats,2020-2021
Aston Villa,https://fbref.com/en/squads/8602292d/2020-2021/Aston-Villa-Stats,2020-2021
Brighton,https://fbref.com/en/squads/d07537b9/2020-2021/Brighton-and-Hove-Albion-Stats,2020-2021
Burnley,https://fbref.com/en/squads/943e8050/2020-2021/Burnley-Stats,2020-2021
Chelsea,https://fbref.com/en/squads/cff3d9bb/2020-2021/Chelsea-Stats,2020-2021
Crystal Palace,https://fbref.com/en/squads/47c64c55/2020-2021/Crystal-Palace-Stats,2020-2021
Everton,https://fbref.com/en/squads/d3fd31cc/2020-2021/Everton-Stats,2020-2021
Fulham,https://fbref.com/en/squads/fd962109/2020-2021/Fulham-Stats,2020-2021
Leeds United,https://fbref.com/en/squads/5bfb9659/2020-2021/Leeds-United-Stats,2020-2021
Leicester City,https://fbref.com/en/squads/a2d435b3/2020-2021/Leicester-City-Stats,2020-2021
Liverpool,https://fbref.com/en/squads/822bd0ba/2020-2021/Liverpool-Stats,2020-2021
Manchester City,https://fbref.com/en/squads/b8fd03ef/2020-2021/Manchester-City-Stats,2020-2021
Manchester Utd,https://fbref.com/en/squads/19538871/2020-2021/Manchester-United-Stats,2020-2021
Newcastle Utd,https://fbref.com/en/squads/b2b47a98/2020-2021/Newcastle-United-Stats,2020-2021
Sheffield Utd,https://fbref.com/en/squads/1df6b87e/2020-2021/Sheffield-United-Stats,2020-2021
Southampton,https://fbref.com/en/squads/33c895d4/2020-2021/Southampton-Stats,2020-2021
Tottenham,https://fbref.com/en/squads/361ca564/2020-2021/Tottenham-Hotspur-Stats,2020-2021
West Brom,https://fbref.com/en/squads/60c6b05f/2020-2021/West-Bromwich-Albion-Stats,2020-2021
West Ham,https://fbref.com/en/squads/7c21e445/2020-2021/West-Ham-United-Stats,2020-2021
Wolves,https://fbref.com/en/squads/8cec06e1/2020-2021/Wolverhampton-Wanderers-Stats,2020-2021
Arsenal,https://fbref.com/en/squads/18bb7c10/2021-2022/Arsenal-Stats,2021-2022
Aston Villa,https://fbref.com/en/squads/8602292d/2021-2022/Aston-Villa-Stats,2021-2022
Brentford,https://fbref.com/en/squads/cd051869/2021-2022/Brentford-Stats,2021-2022
Brighton,https://fbref.com/en/squads/d07537b9/2021-2022/Brighton-and-Hove-Albion-Stats,2021-2022
Burnley,https://fbref.com/en/squads/943e8050/2021-2022/Burnley-Stats,2021-2022
Chelsea,https://fbref.com/en/squads/cff3d9bb/2021-2022/Chelsea-Stats,2021-2022
Crystal Palace,https://fbref.com/en/squads/47c64c55/2021-2022/Crystal-Palace-Stats,2021-2022
Everton,https://fbref.com/en/squads/d3fd31cc/2021-2022/Everton-Stats,2021-2022
Leeds United,https://fbref.com/en/squads/5bfb9659/2021-2022/Leeds-United-Stats,2021-2022
Leicester City,https://fbref.com/en/squads/a2d435b3/2021-2022/Leicester-City-Stats,2021-2022
Liverpool,https://fbref.com/en/squads/822bd0ba/2021-2022/Liverpool-Stats,2021-2022
Manchester City,https://fbref.com/en/squads/b8fd03ef/2021-2022/Manchester-City-Stats,2021-2022
Manchester Utd,https://fbref.com/en/squads/19538871/2021-2022/Manchester-United-Stats,2021-2022
Newcastle Utd,https://fbref.com/en/squads/b2b47a98/2021-2022/Newcastle-United-Stats,2021-2022
Norwich City,https://fbref.com/en/squads/1c781004/2021-2022/Norwich-City-Stats,2021-2022
Southampton,https://fbref.com/en/squads/33c895d4/2021-2022/Southampton-Stats,2021-2022
Tottenham,https://fbref.com/en/squads/361ca564/2021-2022/Tottenham-Hotspur-Stats,2021-2022
Watford,https://fbref.com/en/squads/2abfe087/2021-2022/Watford-Stats,2021-2022
West Ham,https://fbref.com/en/squads/7c21e445/2021-2022/West-Ham-United-Stats,2021-2022
Wolves,https://fbref.com/en/squads/8cec06e1/2021-2022/Wolverhampton-Wanderers-Stats,2021-2022
Arsenal,https://fbref.com/en/squads/18bb7c10/2022-2023/Arsenal-Stats,2022-2023
Aston Villa,https://fbref.com/en/squads/8602292d/2022-2023/Aston-Villa-Stats,2022-2023
Bournemouth,https://fbref.com/en/squads/4ba7cbea/2022-2023/Bournemouth-Stats,2022-2023
Brentford,https://fbref.com/en/squads/cd051869/2022-2023/Brentford-Stats,2022-2023
Brighton,https://fbref.com/en/squads/d07537b9/2022-2023/Brighton-and-Hove-Albion-Stats,2022-2023
Chelsea,https://fbref.com/en/squads/cff3d9bb/2022-2023/Chelsea-Stats,2022-2023
Crystal Palace,https://fbref.com/en/squads/47c64c55/2022-2023/Crystal-Palace-Stats,2022-2023
Everton,https://fbref.com/en/squads/d3fd31cc/2022-2023/Everton-Stats,2022-2023
Fulham,https://fbref.com/en/squads/fd962109/2022-2023/Fulham-Stats,2022-2023
Leeds United,https://fbref.com/en/squads/5bfb9659/2022-2023/Leeds-United-Stats,2022-2023
Leicester City,https://fbref.com/en/squads/a2d435b3/2022-2023/Leicester-City-Stats,2022-2023
Liverpool,https://fbref.com/en/squads/822bd0ba/2022-2023/Liverpool-Stats,2022-2023
Manchester City,https://fbref.com/en/squads/b8fd03ef/2022-2023/Manchester-City-Stats,2022-2023
Manchester Utd,https://fbref.com/en/squads/19538871/2022-2023/Manchester-United-Stats,2022-2023
Newcastle Utd,https://fbref.com/en/squads/b2b47a98/2022-2023/Newcastle-United-Stats,2022-2023
Nott'ham Forest,https://fbref.com/en/squads/e4a775cb/2022-2023/Nottingham-Forest-Stats,2022-2023
Southampton,https://fbref.com/en/squads/33c895d4/2022-2023/Southampton-Stats,2022-2023
Tottenham,https://fbref.com/en/squads/361ca564/2022-2023/Tottenham-Hotspur-Stats,2022-2023
West Ham,https://fbref.com/en/squads/7c21e445/2022-2023/West-Ham-United-Stats,2022-2023
Wolves,https://fbref.com/en/squads/8cec06e1/2022-2023/Wolverhampton-Wanderers-Stats,2022-2023
Arsenal,https://fbref.com/en/squads/18bb7c10/2023-2024/Arsenal-Stats,2023-2024
Aston Villa,https://fbref.com/en/squads/8602292d/2023-2024/Aston-Villa-Stats,2023-2024
Bournemouth,https://fbref.com/en/squads/4ba7cbea/2023-2024/Bournemouth-Stats,2023-2024
Brentford,https://fbref.com/en/squads/cd051869/2023-2024/Brentford-Stats,2023-2024
Brighton,https://fbref.com/en/squads/d07537b9/2023-2024/Brighton-and-Hove-Albion-Stats,2023-2024
Burnley,https://fbref.com/en/squads/943e8050/2023-2024/Burnley-Stats,2023-2024
Chelsea,https://fbref.com/en/squads/cff3d9bb/2023-2024/Chelsea-Stats,2023-2024
Crystal Palace,https://fbref.com/en/squads/47c64c55/2023-2024/Crystal-Palace-Stats,2023-2024
Everton,https://fbref.com/en/squads/d3fd31cc/2023-2024/Everton-Stats,2023-2024
Fulham,https://fbref.com/en/squads/fd962109/2023-2024/Fulham-Stats,2023-2024
Liverpool,https://fbref.com/en/squads/822bd0ba/2023-2024/Liverpool-Stats,2023-2024
Luton Town,https://fbref.com/en/squads/e297cd13/2023-2024/Luton-Town-Stats,2023-2024
Manchester City,https://fbref.com/en/squads/b8fd03ef/2023-2024/Manchester-City-Stats,2023-2024
Manchester Utd,https://fbref.com/en/squads/19538871/2023-2024/Manchester-United-Stats,2023-2024
Newcastle Utd,https://fbref.com/en/squads/b2b47a98/2023-2024/Newcastle-United-Stats,2023-2024
Nott'ham Forest,https://fbref.com/en/squads/e4a775cb/2023-2024/Nottingham-Forest-Stats,2023-2024
Sheffield Utd,https://fbref.com/en/squads/1df6b87e/2023-2024/Sheffield-United-Stats,2023-2024
Tottenham,https://fbref.com/en/squads/361ca564/2023-2024/Tottenham-Hotspur-Stats,2023-2024
West Ham,https://fbref.com/en/squads/7c21e445/2023-2024/West-Ham-United-Stats,2023-2024
Wolves,https://fbref.com/en/squads/8cec06e1/2023-2024/Wolverhampton-Wanderers-Stats,2023-2024
Arsenal,https://fbref.com/en/squads/18bb7c10/Arsenal-Stats,2024-2025
Aston Villa,https://fbref.com/en/squads/8602292d/Aston-Villa-Stats,2024-2025
Bournemouth,https://fbref.com/en/squads/4ba7cbea/Bournemouth-Stats,2024-2025
Brentford,https://fbref.com/en/squads/cd051869/Brentford-Stats,2024-2025
Brighton,https://fbref.com/en/squads/d07537b9/Brighton-and-Hove-Albion-Stats,2024-2025
Chelsea,https://fbref.com/en/squads/cff3d9bb/Chelsea-Stats,2024-2025
Crystal Palace,https://fbref.com/en/squads/47c64c55/Crystal-Palace-Stats,2024-2025
Everton,https://fbref.com/en/squads/d3fd31cc/Everton-Stats,2024-2025
Fulham,https://fbref.com/en/squads/fd962109/Fulham-Stats,2024-2025
Ipswich Town,https://fbref.com/en/squads/b74092de/Ipswich-Town-Stats,2024-2025
Leicester City,https://fbref.com/en/squads/a2d435b3/Leicester-City-Stats,2024-2025
Liverpool,https://fbref.com/en/squads/822bd0ba/Liverpool-Stats,2024-2025
Manchester City,https://fbref.com/en/squads/b8fd03ef/Manchester-City-Stats,2024-2025
Manchester Utd,https://fbref.com/en/squads/19538871/Manchester-United-Stats,2024-2025
Newcastle Utd,https://fbref.com/en/squads/b2b47a98/Newcastle-United-Stats,2024-2025
Nott'ham Forest,https://fbref.com/en/squads/e4a775cb/Nottingham-Forest-Stats,2024-2025
Southampton,https://fbref.com/en/squads/33c895d4/Southampton-Stats,2024-2025
Tottenham,https://fbref.com/en/squads/361ca564/Tottenham-Hotspur-Stats,2024-2025
West Ham,https://fbref.com/en/squads/7c21e445/West-Ham-United-Stats,2024-2025
Wolves,https://fbref.com/en/squads/8cec06e1/Wolverhampton-Wanderers-Stats,2024-2025
Bayern Munich,https://fbref.com/en/squads/054efa67/2010-2011/Bayern-Munich-Stats,2010-2011
Dortmund,https://fbref.com/en/squads/add600ae/2010-2011/Dortmund-Stats,2010-2011
Eint Frankfurt,https://fbref.com/en/squads/f0ac8ee6/2010-2011/Eintracht-Frankfurt-Stats,2010-2011
Freiburg,https://fbref.com/en/squads/a486e511/2010-2011/Freiburg-Stats,2010-2011
Gladbach,https://fbref.com/en/squads/32f3ee20/2010-2011/Monchengladbach-Stats,2010-2011
Hamburger SV,https://fbref.com/en/squads/26790c6a/2010-2011/Hamburger-SV-Stats,2010-2011
Hannover 96,https://fbref.com/en/squads/60b5e41f/2010-2011/Hannover-96-Stats,2010-2011
Hoffenheim,https://fbref.com/en/squads/033ea6b8/2010-2011/Hoffenheim-Stats,2010-2011
Kaiserslautern,https://fbref.com/en/squads/73a27a73/2010-2011/Kaiserslautern-Stats,2010-2011
Köln,https://fbref.com/en/squads/bc357bf7/2010-2011/Koln-Stats,2010-2011
Leverkusen,https://fbref.com/en/squads/c7a9f859/2010-2011/Bayer-Leverkusen-Stats,2010-2011
Mainz 05,https://fbref.com/en/squads/a224b06a/2010-2011/Mainz-05-Stats,2010-2011
Nürnberg,https://fbref.com/en/squads/6f2c108c/2010-2011/Nurnberg-Stats,2010-2011
Schalke 04,https://fbref.com/en/squads/c539e393/2010-2011/Schalke-04-Stats,2010-2011
St. Pauli,https://fbref.com/en/squads/54864664/2010-2011/St-Pauli-Stats,2010-2011
Stuttgart,https://fbref.com/en/squads/598bc722/2010-2011/Stuttgart-Stats,2010-2011
Werder Bremen,https://fbref.com/en/squads/62add3bf/2010-2011/Werder-Bremen-Stats,2010-2011
Wolfsburg,https://fbref.com/en/squads/4eaa11d7/2010-2011/Wolfsburg-Stats,2010-2011
Augsburg,https://fbref.com/en/squads/0cdc4311/2011-2012/Augsburg-Stats,2011-2012
Bayern Munich,https://fbref.com/en/squads/054efa67/2011-2012/Bayern-Munich-Stats,2011-2012
Dortmund,https://fbref.com/en/squads/add600ae/2011-2012/Dortmund-Stats,2011-2012
Freiburg,https://fbref.com/en/squads/a486e511/2011-2012/Freiburg-Stats,2011-2012
Gladbach,https://fbref.com/en/squads/32f3ee20/2011-2012/Monchengladbach-Stats,2011-2012
Hamburger SV,https://fbref.com/en/squads/26790c6a/2011-2012/Hamburger-SV-Stats,2011-2012
Hannover 96,https://fbref.com/en/squads/60b5e41f/2011-2012/Hannover-96-Stats,2011-2012
Hertha BSC,https://fbref.com/en/squads/2818f8bc/2011-2012/Hertha-BSC-Stats,2011-2012
Hoffenheim,https://fbref.com/en/squads/033ea6b8/2011-2012/Hoffenheim-Stats,2011-2012
Kaiserslautern,https://fbref.com/en/squads/73a27a73/2011-2012/Kaiserslautern-Stats,2011-2012
Köln,https://fbref.com/en/squads/bc357bf7/2011-2012/Koln-Stats,2011-2012
Leverkusen,https://fbref.com/en/squads/c7a9f859/2011-2012/Bayer-Leverkusen-Stats,2011-2012
Mainz 05,https://fbref.com/en/squads/a224b06a/2011-2012/Mainz-05-Stats,2011-2012
Nürnberg,https://fbref.com/en/squads/6f2c108c/2011-2012/Nurnberg-Stats,2011-2012
Schalke 04,https://fbref.com/en/squads/c539e393/2011-2012/Schalke-04-Stats,2011-2012
Stuttgart,https://fbref.com/en/squads/598bc722/2011-2012/Stuttgart-Stats,2011-2012
Werder Bremen,https://fbref.com/en/squads/62add3bf/2011-2012/Werder-Bremen-Stats,2011-2012
Wolfsburg,https://fbref.com/en/squads/4eaa11d7/2011-2012/Wolfsburg-Stats,2011-2012
Augsburg,https://fbref.com/en/squads/0cdc4311/2012-2013/Augsburg-Stats,2012-2013
Bayern Munich,https://fbref.com/en/squads/054efa67/2012-2013/Bayern-Munich-Stats,2012-2013
Dortmund,https://fbref.com/en/squads/add600ae/2012-2013/Dortmund-Stats,2012-2013
Düsseldorf,https://fbref.com/en/squads/b1278397/2012-2013/Dusseldorf-Stats,2012-2013
Eint Frankfurt,https://fbref.com/en/squads/f0ac8ee6/2012-2013/Eintracht-Frankfurt-Stats,2012-2013
Freiburg,https://fbref.com/en/squads/a486e511/2012-2013/Freiburg-Stats,2012-2013
Gladbach,https://fbref.com/en/squads/32f3ee20/2012-2013/Monchengladbach-Stats,2012-2013
Greuther Fürth,https://fbref.com/en/squads/12192a4c/2012-2013/Greuther-Furth-Stats,2012-2013
Hamburger SV,https://fbref.com/en/squads/26790c6a/2012-2013/Hamburger-SV-Stats,2012-2013
Hannover 96,https://fbref.com/en/squads/60b5e41f/2012-2013/Hannover-96-Stats,2012-2013
Hoffenheim,https://fbref.com/en/squads/033ea6b8/2012-2013/Hoffenheim-Stats,2012-2013
Leverkusen,https://fbref.com/en/squads/c7a9f859/2012-2013/Bayer-Leverkusen-Stats,2012-2013
Mainz 05,https://fbref.com/en/squads/a224b06a/2012-2013/Mainz-05-Stats,2012-2013
Nürnberg,https://fbref.com/en/squads/6f2c108c/2012-2013/Nurnberg-Stats,2012-2013
Schalke 04,https://fbref.com/en/squads/c539e393/2012-2013/Schalke-04-Stats,2012-2013
Stuttgart,https://fbref.com/en/squads/598bc722/2012-2013/Stuttgart-Stats,2012-2013
Werder Bremen,https://fbref.com/en/squads/62add3bf/2012-2013/Werder-Bremen-Stats,2012-2013
Wolfsburg,https://fbref.com/en/squads/4eaa11d7/2012-2013/Wolfsburg-Stats,2012-2013
Augsburg,https://fbref.com/en/squads/0cdc4311/2013-2014/Augsburg-Stats,2013-2014
Bayern Munich,https://fbref.com/en/squads/054efa67/2013-2014/Bayern-Munich-Stats,2013-2014
Braunschweig,https://fbref.com/en/squads/8107958d/2013-2014/Eintracht-Braunschweig-Stats,2013-2014
Dortmund,https://fbref.com/en/squads/add600ae/2013-2014/Dortmund-Stats,2013-2014
Eint Frankfurt,https://fbref.com/en/squads/f0ac8ee6/2013-2014/Eintracht-Frankfurt-Stats,2013-2014
Freiburg,https://fbref.com/en/squads/a486e511/2013-2014/Freiburg-Stats,2013-2014
Gladbach,https://fbref.com/en/squads/32f3ee20/2013-2014/Monchengladbach-Stats,2013-2014
Hamburger SV,https://fbref.com/en/squads/26790c6a/2013-2014/Hamburger-SV-Stats,2013-2014
Hannover 96,https://fbref.com/en/squads/60b5e41f/2013-2014/Hannover-96-Stats,2013-2014
Hertha BSC,https://fbref.com/en/squads/2818f8bc/2013-2014/Hertha-BSC-Stats,2013-2014
Hoffenheim,https://fbref.com/en/squads/033ea6b8/2013-2014/Hoffenheim-Stats,2013-2014
Leverkusen,https://fbref.com/en/squads/c7a9f859/2013-2014/Bayer-Leverkusen-Stats,2013-2014
Mainz 05,https://fbref.com/en/squads/a224b06a/2013-2014/Mainz-05-Stats,2013-2014
Nürnberg,https://fbref.com/en/squads/6f2c108c/2013-2014/Nurnberg-Stats,2013-2014
Schalke 04,https://fbref.com/en/squads/c539e393/2013-2014/Schalke-04-Stats,2013-2014
Stuttgart,https://fbref.com/en/squads/598bc722/2013-2014/Stuttgart-Stats,2013-2014
Werder Bremen,https://fbref.com/en/squads/62add3bf/2013-2014/Werder-Bremen-Stats,2013-2014
Wolfsburg,https://fbref.com/en/squads/4eaa11d7/2013-2014/Wolfsburg-Stats,2013-2014
Augsburg,https://fbref.com/en/squads/0cdc4311/2014-2015/Augsburg-Stats,2014-2015
Bayern Munich,https://fbref.com/en/squads/054efa67/2014-2015/Bayern-Munich-Stats,2014-2015
Dortmund,https://fbref.com/en/squads/add600ae/2014-2015/Dortmund-Stats,2014-2015
Eint Frankfurt,https://fbref.com/en/squads/f0ac8ee6/2014-2015/Eintracht-Frankfurt-Stats,2014-2015
Freiburg,https://fbref.com/en/squads/a486e511/2014-2015/Freiburg-Stats,2014-2015
Gladbach,https://fbref.com/en/squads/32f3ee20/2014-2015/Monchengladbach-Stats,2014-2015
Hamburger SV,https://fbref.com/en/squads/26790c6a/2014-2015/Hamburger-SV-Stats,2014-2015
Hannover 96,https://fbref.com/en/squads/60b5e41f/2014-2015/Hannover-96-Stats,2014-2015
Hertha BSC,https://fbref.com/en/squads/2818f8bc/2014-2015/Hertha-BSC-Stats,2014-2015
Hoffenheim,https://fbref.com/en/squads/033ea6b8/2014-2015/Hoffenheim-Stats,2014-2015
Köln,https://fbref.com/en/squads/bc357bf7/2014-2015/Koln-Stats,2014-2015
Leverkusen,https://fbref.com/en/squads/c7a9f859/2014-2015/Bayer-Leverkusen-Stats,2014-2015
Mainz 05,https://fbref.com/en/squads/a224b06a/2014-2015/Mainz-05-Stats,2014-2015
Paderborn 07,https://fbref.com/en/squads/d9f93f02/2014-2015/Paderborn-07-Stats,2014-2015
Schalke 04,https://fbref.com/en/squads/c539e393/2014-2015/Schalke-04-Stats,2014-2015
Stuttgart,https://fbref.com/en/squads/598bc722/2014-2015/Stuttgart-Stats,2014-2015
Werder Bremen,https://fbref.com/en/squads/62add3bf/2014-2015/Werder-Bremen-Stats,2014-2015
Wolfsburg,https://fbref.com/en/squads/4eaa11d7/2014-2015/Wolfsburg-Stats,2014-2015
Augsburg,https://fbref.com/en/squads/0cdc4311/2015-2016/Augsburg-Stats,2015-2016
Bayern Munich,https://fbref.com/en/squads/054efa67/2015-2016/Bayern-Munich-Stats,2015-2016
Darmstadt 98,https://fbref.com/en/squads/6a6967fc/2015-2016/Darmstadt-98-Stats,2015-2016
Dortmund,https://fbref.com/en/squads/add600ae/2015-2016/Dortmund-Stats,2015-2016
Eint Frankfurt,https://fbref.com/en/squads/f0ac8ee6/2015-2016/Eintracht-Frankfurt-Stats,2015-2016
Gladbach,https://fbref.com/en/squads/32f3ee20/2015-2016/Monchengladbach-Stats,2015-2016
Hamburger SV,https://fbref.com/en/squads/26790c6a/2015-2016/Hamburger-SV-Stats,2015-2016
Hannover 96,https://fbref.com/en/squads/60b5e41f/2015-2016/Hannover-96-Stats,2015-2016
Hertha BSC,https://fbref.com/en/squads/2818f8bc/2015-2016/Hertha-BSC-Stats,2015-2016
Hoffenheim,https://fbref.com/en/squads/033ea6b8/2015-2016/Hoffenheim-Stats,2015-2016
Ingolstadt 04,https://fbref.com/en/squads/12eb2039/2015-2016/Ingolstadt-04-Stats,2015-2016
Köln,https://fbref.com/en/squads/bc357bf7/2015-2016/Koln-Stats,2015-2016
Leverkusen,https://fbref.com/en/squads/c7a9f859/2015-2016/Bayer-Leverkusen-Stats,2015-2016
Mainz 05,https://fbref.com/en/squads/a224b06a/2015-2016/Mainz-05-Stats,2015-2016
Schalke 04,https://fbref.com/en/squads/c539e393/2015-2016/Schalke-04-Stats,2015-2016
Stuttgart,https://fbref.com/en/squads/598bc722/2015-2016/Stuttgart-Stats,2015-2016
Werder Bremen,https://fbref.com/en/squads/62add3bf/2015-2016/Werder-Bremen-Stats,2015-2016
Wolfsburg,https://fbref.com/en/squads/4eaa11d7/2015-2016/Wolfsburg-Stats,2015-2016
Augsburg,https://fbref.com/en/squads/0cdc4311/2016-2017/Augsburg-Stats,2016-2017
Bayern Munich,https://fbref.com/en/squads/054efa67/2016-2017/Bayern-Munich-Stats,2016-2017
Darmstadt 98,https://fbref.com/en/squads/6a6967fc/2016-2017/Darmstadt-98-Stats,2016-2017
Dortmund,https://fbref.com/en/squads/add600ae/2016-2017/Dortmund-Stats,2016-2017
Eint Frankfurt,https://fbref.com/en/squads/f0ac8ee6/2016-2017/Eintracht-Frankfurt-Stats,2016-2017
Freiburg,https://fbref.com/en/squads/a486e511/2016-2017/Freiburg-Stats,2016-2017
Gladbach,https://fbref.com/en/squads/32f3ee20/2016-2017/Monchengladbach-Stats,2016-2017
Hamburger SV,https://fbref.com/en/squads/26790c6a/2016-2017/Hamburger-SV-Stats,2016-2017
Hertha BSC,https://fbref.com/en/squads/2818f8bc/2016-2017/Hertha-BSC-Stats,2016-2017
Hoffenheim,https://fbref.com/en/squads/033ea6b8/2016-2017/Hoffenheim-Stats,2016-2017
Ingolstadt 04,https://fbref.com/en/squads/12eb2039/2016-2017/Ingolstadt-04-Stats,2016-2017
Köln,https://fbref.com/en/squads/bc357bf7/2016-2017/Koln-Stats,2016-2017
Leverkusen,https://fbref.com/en/squads/c7a9f859/2016-2017/Bayer-Leverkusen-Stats,2016-2017
Mainz 05,https://fbref.com/en/squads/a224b06a/2016-2017/Mainz-05-Stats,2016-2017
RB Leipzig,https://fbref.com/en/squads/acbb6a5b/2016-2017/RB-Leipzig-Stats,2016-2017
Schalke 04,https://fbref.com/en/squads/c539e393/2016-2017/Schalke-04-Stats,2016-2017
Werder Bremen,https://fbref.com/en/squads/62add3bf/2016-2017/Werder-Bremen-Stats,2016-2017
Wolfsburg,https://fbref.com/en/squads/4eaa11d7/2016-2017/Wolfsburg-Stats,2016-2017
Augsburg,https://fbref.com/en/squads/0cdc4311/2017-2018/Augsburg-Stats,2017-2018
Bayern Munich,https://fbref.com/en/squads/054efa67/2017-2018/Bayern-Munich-Stats,2017-2018
Dortmund,https://fbref.com/en/squads/add600ae/2017-2018/Dortmund-Stats,2017-2018
Eint Frankfurt,https://fbref.com/en/squads/f0ac8ee6/2017-2018/Eintracht-Frankfurt-Stats,2017-2018
Freiburg,https://fbref.com/en/squads/a486e511/2017-2018/Freiburg-Stats,2017-2018
Gladbach,https://fbref.com/en/squads/32f3ee20/2017-2018/Monchengladbach-Stats,2017-2018
Hamburger SV,https://fbref.com/en/squads/26790c6a/2017-2018/Hamburger-SV-Stats,2017-2018
Hannover 96,https://fbref.com/en/squads/60b5e41f/2017-2018/Hannover-96-Stats,2017-2018
Hertha BSC,https://fbref.com/en/squads/2818f8bc/2017-2018/Hertha-BSC-Stats,2017-2018
Hoffenheim,https://fbref.com/en/squads/033ea6b8/2017-2018/Hoffenheim-Stats,2017-2018
Köln,https://fbref.com/en/squads/bc357bf7/2017-2018/Koln-Stats,2017-2018
Leverkusen,https://fbref.com/en/squads/c7a9f859/2017-2018/Bayer-Leverkusen-Stats,2017-2018
Mainz 05,https://fbref.com/en/squads/a224b06a/2017-2018/Mainz-05-Stats,2017-2018
RB Leipzig,https://fbref.com/en/squads/acbb6a5b/2017-2018/RB-Leipzig-Stats,2017-2018
Schalke 04,https://fbref.com/en/squads/c539e393/2017-2018/Schalke-04-Stats,2017-2018
Stuttgart,https://fbref.com/en/squads/598bc722/2017-2018/Stuttgart-Stats,2017-2018
Werder Bremen,https://fbref.com/en/squads/62add3bf/2017-2018/Werder-Bremen-Stats,2017-2018
Wolfsburg,https://fbref.com/en/squads/4eaa11d7/2017-2018/Wolfsburg-Stats,2017-2018
Augsburg,https://fbref.com/en/squads/0cdc4311/2018-2019/Augsburg-Stats,2018-2019
Bayern Munich,https://fbref.com/en/squads/054efa67/2018-2019/Bayern-Munich-Stats,2018-2019
Dortmund,https://fbref.com/en/squads/add600ae/2018-2019/Dortmund-Stats,2018-2019
Düsseldorf,https://fbref.com/en/squads/b1278397/2018-2019/Dusseldorf-Stats,2018-2019
Eint Frankfurt,https://fbref.com/en/squads/f0ac8ee6/2018-2019/Eintracht-Frankfurt-Stats,2018-2019
Freiburg,https://fbref.com/en/squads/a486e511/2018-2019/Freiburg-Stats,2018-2019
Gladbach,https://fbref.com/en/squads/32f3ee20/2018-2019/Monchengladbach-Stats,2018-2019
Hannover 96,https://fbref.com/en/squads/60b5e41f/2018-2019/Hannover-96-Stats,2018-2019
Hertha BSC,https://fbref.com/en/squads/2818f8bc/2018-2019/Hertha-BSC-Stats,2018-2019
Hoffenheim,https://fbref.com/en/squads/033ea6b8/2018-2019/Hoffenheim-Stats,2018-2019
Leverkusen,https://fbref.com/en/squads/c7a9f859/2018-2019/Bayer-Leverkusen-Stats,2018-2019
Mainz 05,https://fbref.com/en/squads/a224b06a/2018-2019/Mainz-05-Stats,2018-2019
Nürnberg,https://fbref.com/en/squads/6f2c108c/2018-2019/Nurnberg-Stats,2018-2019
RB Leipzig,https://fbref.com/en/squads/acbb6a5b/2018-2019/RB-Leipzig-Stats,2018-2019
Schalke 04,https://fbref.com/en/squads/c539e393/2018-2019/Schalke-04-Stats,2018-2019
Stuttgart,https://fbref.com/en/squads/598bc722/2018-2019/Stuttgart-Stats,2018-2019
Werder Bremen,https://fbref.com/en/squads/62add3bf/2018-2019/Werder-Bremen-Stats,2018-2019
Wolfsburg,https://fbref.com/en/squads/4eaa11d7/2018-2019/Wolfsburg-Stats,2018-2019
Augsburg,https://fbref.com/en/squads/0cdc4311/2019-2020/Augsburg-Stats,2019-2020
Bayern Munich,https://fbref.com/en/squads/054efa67/2019-2020/Bayern-Munich-Stats,2019-2020
Dortmund,https://fbref.com/en/squads/add600ae/2019-2020/Dortmund-Stats,2019-2020
Düsseldorf,https://fbref.com/en/squads/b1278397/2019-2020/Dusseldorf-Stats,2019-2020
Eint Frankfurt,https://fbref.com/en/squads/f0ac8ee6/2019-2020/Eintracht-Frankfurt-Stats,2019-2020
Freiburg,https://fbref.com/en/squads/a486e511/2019-2020/Freiburg-Stats,2019-2020
Gladbach,https://fbref.com/en/squads/32f3ee20/2019-2020/Monchengladbach-Stats,2019-2020
Hertha BSC,https://fbref.com/en/squads/2818f8bc/2019-2020/Hertha-BSC-Stats,2019-2020
Hoffenheim,https://fbref.com/en/squads/033ea6b8/2019-2020/Hoffenheim-Stats,2019-2020
Köln,https://fbref.com/en/squads/bc357bf7/2019-2020/Koln-Stats,2019-2020
Leverkusen,https://fbref.com/en/squads/c7a9f859/2019-2020/Bayer-Leverkusen-Stats,2019-2020
Mainz 05,https://fbref.com/en/squads/a224b06a/2019-2020/Mainz-05-Stats,2019-2020
Paderborn 07,https://fbref.com/en/squads/d9f93f02/2019-2020/Paderborn-07-Stats,2019-2020
RB Leipzig,https://fbref.com/en/squads/acbb6a5b/2019-2020/RB-Leipzig-Stats,2019-2020
Schalke 04,https://fbref.com/en/squads/c539e393/2019-2020/Schalke-04-Stats,2019-2020
Union Berlin,https://fbref.com/en/squads/7a41008f/2019-2020/Union-Berlin-Stats,2019-2020
Werder Bremen,https://fbref.com/en/squads/62add3bf/2019-2020/Werder-Bremen-Stats,2019-2020
Wolfsburg,https://fbref.com/en/squads/4eaa11d7/2019-2020/Wolfsburg-Stats,2019-2020
Arminia,https://fbref.com/en/squads/247c4b67/2020-2021/Arminia-Stats,2020-2021
Augsburg,https://fbref.com/en/squads/0cdc4311/2020-2021/Augsburg-Stats,2020-2021
Bayern Munich,https://fbref.com/en/squads/054efa67/2020-2021/Bayern-Munich-Stats,2020-2021
Dortmund,https://fbref.com/en/squads/add600ae/2020-2021/Dortmund-Stats,2020-2021
Eint Frankfurt,https://fbref.com/en/squads/f0ac8ee6/2020-2021/Eintracht-Frankfurt-Stats,2020-2021
Freiburg,https://fbref.com/en/squads/a486e511/2020-2021/Freiburg-Stats,2020-2021
Gladbach,https://fbref.com/en/squads/32f3ee20/2020-2021/Monchengladbach-Stats,2020-2021
Hertha BSC,https://fbref.com/en/squads/2818f8bc/2020-2021/Hertha-BSC-Stats,2020-2021
Hoffenheim,https://fbref.com/en/squads/033ea6b8/2020-2021/Hoffenheim-Stats,2020-2021
Köln,https://fbref.com/en/squads/bc357bf7/2020-2021/Koln-Stats,2020-2021
Leverkusen,https://fbref.com/en/squads/c7a9f859/2020-2021/Bayer-Leverkusen-Stats,2020-2021
Mainz 05,https://fbref.com/en/squads/a224b06a/2020-2021/Mainz-05-Stats,2020-2021
RB Leipzig,https://fbref.com/en/squads/acbb6a5b/2020-2021/RB-Leipzig-Stats,2020-2021
Schalke 04,https://fbref.com/en/squads/c539e393/2020-2021/Schalke-04-Stats,2020-2021
Stuttgart,https://fbref.com/en/squads/598bc722/2020-2021/Stuttgart-Stats,2020-2021
Union Berlin,https://fbref.com/en/squads/7a41008f/2020-2021/Union-Berlin-Stats,2020-2021
Werder Bremen,https://fbref.com/en/squads/62add3bf/2020-2021/Werder-Bremen-Stats,2020-2021
Wolfsburg,https://fbref.com/en/squads/4eaa11d7/2020-2021/Wolfsburg-Stats,2020-2021
Arminia,https://fbref.com/en/squads/247c4b67/2021-2022/Arminia-Stats,2021-2022
Augsburg,https://fbref.com/en/squads/0cdc4311/2021-2022/Augsburg-Stats,2021-2022
Bayern Munich,https://fbref.com/en/squads/054efa67/2021-2022/Bayern-Munich-Stats,2021-2022
Bochum,https://fbref.com/en/squads/b42c6323/2021-2022/Bochum-Stats,2021-2022
Dortmund,https://fbref.com/en/squads/add600ae/2021-2022/Dortmund-Stats,2021-2022
Eint Frankfurt,https://fbref.com/en/squads/f0ac8ee6/2021-2022/Eintracht-Frankfurt-Stats,2021-2022
Freiburg,https://fbref.com/en/squads/a486e511/2021-2022/Freiburg-Stats,2021-2022
Gladbach,https://fbref.com/en/squads/32f3ee20/2021-2022/Monchengladbach-Stats,2021-2022
Greuther Fürth,https://fbref.com/en/squads/12192a4c/2021-2022/Greuther-Furth-Stats,2021-2022
Hertha BSC,https://fbref.com/en/squads/2818f8bc/2021-2022/Hertha-BSC-Stats,2021-2022
Hoffenheim,https://fbref.com/en/squads/033ea6b8/2021-2022/Hoffenheim-Stats,2021-2022
Köln,https://fbref.com/en/squads/bc357bf7/2021-2022/Koln-Stats,2021-2022
Leverkusen,https://fbref.com/en/squads/c7a9f859/2021-2022/Bayer-Leverkusen-Stats,2021-2022
Mainz 05,https://fbref.com/en/squads/a224b06a/2021-2022/Mainz-05-Stats,2021-2022
RB Leipzig,https://fbref.com/en/squads/acbb6a5b/2021-2022/RB-Leipzig-Stats,2021-2022
Stuttgart,https://fbref.com/en/squads/598bc722/2021-2022/Stuttgart-Stats,2021-2022
Union Berlin,https://fbref.com/en/squads/7a41008f/2021-2022/Union-Berlin-Stats,2021-2022
Wolfsburg,https://fbref.com/en/squads/4eaa11d7/2021-2022/Wolfsburg-Stats,2021-2022
Augsburg,https://fbref.com/en/squads/0cdc4311/2022-2023/Augsburg-Stats,2022-2023
Bayern Munich,https://fbref.com/en/squads/054efa67/2022-2023/Bayern-Munich-Stats,2022-2023
Bochum,https://fbref.com/en/squads/b42c6323/2022-2023/Bochum-Stats,2022-2023
Dortmund,https://fbref.com/en/squads/add600ae/2022-2023/Dortmund-Stats,2022-2023
Eint Frankfurt,https://fbref.com/en/squads/f0ac8ee6/2022-2023/Eintracht-Frankfurt-Stats,2022-2023
Freiburg,https://fbref.com/en/squads/a486e511/2022-2023/Freiburg-Stats,2022-2023
Gladbach,https://fbref.com/en/squads/32f3ee20/2022-2023/Monchengladbach-Stats,2022-2023
Hertha BSC,https://fbref.com/en/squads/2818f8bc/2022-2023/Hertha-BSC-Stats,2022-2023
Hoffenheim,https://fbref.com/en/squads/033ea6b8/2022-2023/Hoffenheim-Stats,2022-2023
Köln,https://fbref.com/en/squads/bc357bf7/2022-2023/Koln-Stats,2022-2023
Leverkusen,https://fbref.com/en/squads/c7a9f859/2022-2023/Bayer-Leverkusen-Stats,2022-2023
Mainz 05,https://fbref.com/en/squads/a224b06a/2022-2023/Mainz-05-Stats,2022-2023
RB Leipzig,https://fbref.com/en/squads/acbb6a5b/2022-2023/RB-Leipzig-Stats,2022-2023
Schalke 04,https://fbref.com/en/squads/c539e393/2022-2023/Schalke-04-Stats,2022-2023
Stuttgart,https://fbref.com/en/squads/598bc722/2022-2023/Stuttgart-Stats,2022-2023
Union Berlin,https://fbref.com/en/squads/7a41008f/2022-2023/Union-Berlin-Stats,2022-2023
Werder Bremen,https://fbref.com/en/squads/62add3bf/2022-2023/Werder-Bremen-Stats,2022-2023
Wolfsburg,https://fbref.com/en/squads/4eaa11d7/2022-2023/Wolfsburg-Stats,2022-2023
